vocabulary,parts of speach,us pronunciation,uk pronunciation,definition,example sentence
need,verb,niːd,niːd,"to have to have something, or to want something very much: ",Babies need constant care.
need,verb,niːd,niːd,"If you say that someone or something needs something else, you mean that they should have it, or would get an advantage from having it: ",What you need is a nice hot bowl of soup.
need,verb,niːd,niːd,to have (to): ,He needs to lose some weight.
need,noun,niːd,niːd,"the state of having to have something that you do not have, especially something that you must have so that you can have a satisfactory life: ",Are you in need of help?
need,noun,niːd,niːd,a feeling or state of strongly wanting something: ,He seems to have a desperate need to be loved by everyone.
need,noun,niːd,niːd,the state of being necessary: ,Help yourself to stationery as the need arises.
need,verb,niːd,niːd,"to be necessary to have something, or to want something very much: ","To make pastry, you need flour, fat, and water."
need,verb,niːd,niːd,"infml If you say that you don’t need something, it can mean that you do not want it because it is causing you trouble: ",I don’t need all this arguing.
need,verb,niːd,niːd,"If you say that someone or something needs something, you can mean that the person or thing should have it or would benefit from having it: ",What you need is some hot soup to warm you up.
need,verb,niːd,niːd,to have to take an action: ,He needs to lose weight.
need,noun,niːd,niːd,"something that you must or should have, or the lack of this: ",There’s a growing need for low-cost housing.
need,noun,niːd,niːd,Need can be a reason: ,I don’t think there’s any need to worry.
need,noun,niːd,niːd,Need is also a feeling or state of greatly wanting something: ,a desperate need to be loved
need,noun,niːd,niːd,Need is also the state of being necessary: ,Help yourself to supplies as the need arises.
need,noun,niːd,niːd,something that you must have in order to live a satisfactory life or to achieve a particular thing: ,One of the company's strengths is its ability to develop truly innovative products to meet consumer needs.
